{
 "kind": "high",
 "variant": "full",
 "feats": [
  "mkt",
  "rmax",
  "curt",
  "gfs_seamless",
  "ecmwf_ifs025",
  "icon_seamless",
  "gem_global",
  "ecmwf_aifs025",
  "jma_seamless",
  "ukmo_seamless",
  "nwp_spread"
 ],
 "models": [
  "gfs_seamless",
  "ecmwf_ifs025",
  "icon_seamless",
  "gem_global",
  "ecmwf_aifs025",
  "jma_seamless",
  "ukmo_seamless"
 ],
 "mean": [
  0.0,
  69.7060077987405,
  65.84400390594627,
  65.25274616346213,
  68.87803054923624,
  68.47978550536247,
  68.31670458238543,
  68.08251543711417,
  68.12677004503463,
  66.45940851478721,
  67.79291517712045,
  1.810751754084883
 ],
 "std": [
  1.0,
  17.330224399690064,
  17.31843309382556,
  17.35225208204438,
  17.431716961110315,
  17.577102377832105,
  17.387323887653107,
  17.815293238271103,
  17.43842918551133,
  17.547555331802883,
  17.63446327356341,
  1.0568342060162252
 ],
 "beta": [
  69.73236919077024,
  11.325238709904957,
  1.4515323177188455,
  -0.15501091077132925,
  3.1733717612391104,
  -0.21422783040290144,
  0.062193740220004325,
  0.31918630442897034,
  0.9819748348947995,
  -0.100414489971487,
  0.45330592224884625,
  0.11460448708869651
 ],
 "sigma": 1.054,
 "lead_h": 2.0
}