{
 "kind": "low",
 "variant": "full",
 "feats": [
  "mkt",
  "rmin",
  "curt",
  "gfs_seamless",
  "ecmwf_ifs025",
  "icon_seamless",
  "gem_global",
  "ecmwf_aifs025",
  "jma_seamless",
  "ukmo_seamless",
  "nwp_spread"
 ],
 "models": [
  "gfs_seamless",
  "ecmwf_ifs025",
  "icon_seamless",
  "gem_global",
  "ecmwf_aifs025",
  "jma_seamless",
  "ukmo_seamless"
 ],
 "mean": [
  0.0,
  45.757303704299325,
  48.94108326784292,
  49.85389695614773,
  46.30118890356671,
  46.523249669748985,
  46.76235138705417,
  44.389828269484845,
  46.45629678555703,
  47.541083223249636,
  47.22007926023781,
  2.049676698013304
 ],
 "std": [
  1.0,
  16.361206924287757,
  16.5704346083773,
  16.755100601943372,
  16.469433235032888,
  16.820772165082285,
  16.53057121504123,
  16.930778008111155,
  16.54679350486112,
  16.39682736298927,
  16.923320531173903,
  1.1190539279732166
 ],
 "beta": [
  46.0217965653897,
  9.609645483025005,
  4.733273000841953,
  -0.8572526995166792,
  2.70970968969112,
  -1.1594864615130922,
  0.669094241219365,
  -0.5575689071136233,
  0.4165200051443221,
  -0.4167533067518151,
  1.266979210290761,
  -0.09992101906954012
 ],
 "sigma": 1.366,
 "lead_h": 2.0
}