{
 "kind": "high",
 "variant": "conservative",
 "feats": [
  "mkt",
  "rmax",
  "curt"
 ],
 "mean": [
  0.0,
  68.87473487242126,
  63.31841050393379,
  62.2918379495904
 ],
 "std": [
  1.0,
  17.584739108381253,
  17.466463815425328,
  17.875658617835906
 ],
 "beta": [
  68.86238109849636,
  16.46846032255642,
  0.5021698124012073,
  0.6061241850365985
 ],
 "sigma": 1.384,
 "lead_h": 3.0
}