{
 "kind": "low",
 "variant": "conservative",
 "feats": [
  "mkt",
  "rmin",
  "curt"
 ],
 "models": [],
 "mean": [
  0.0,
  45.757303704299325,
  48.94108326784292,
  49.85389695614773
 ],
 "std": [
  1.0,
  16.361206924287757,
  16.5704346083773,
  16.755100601943372
 ],
 "beta": [
  46.0217965653897,
  11.108713336886407,
  5.9418544851040975,
  -0.6241521274381673
 ],
 "sigma": 1.406,
 "lead_h": 2.0
}