{
 "kind": "high",
 "feats": [
  "mkt",
  "rmax",
  "curt",
  "climb",
  "gfs_seamless",
  "ecmwf_ifs025",
  "icon_seamless",
  "gem_global",
  "ecmwf_aifs025",
  "jma_seamless",
  "ukmo_seamless",
  "nwp_spread"
 ],
 "models": [
  "gfs_seamless",
  "ecmwf_ifs025",
  "icon_seamless",
  "gem_global",
  "ecmwf_aifs025",
  "jma_seamless",
  "ukmo_seamless"
 ],
 "mean": [
  0.0,
  69.7060077987405,
  65.84400390594627,
  65.25274616346213,
  1.8315567300813245,
  68.87803054923624,
  68.47978550536247,
  68.31670458238543,
  68.08251543711417,
  68.12677004503463,
  66.45940851478721,
  67.79291517712045,
  1.810751754084883
 ],
 "std": [
  1.0,
  17.330224399690064,
  17.31843309382556,
  17.35225208204438,
  1.7884969838354767,
  17.431716961110315,
  17.577102377832105,
  17.387323887653107,
  17.815293238271103,
  17.43842918551133,
  17.547555331802883,
  17.63446327356341,
  1.0568342060162252
 ],
 "beta": [
  69.73236919077026,
  11.3070483138895,
  1.533508071464958,
  -0.21787246005127214,
  0.018981082305944603,
  3.1519414199970637,
  -0.21481210756837596,
  0.04887960829516959,
  0.3214577246534213,
  0.9790556006342239,
  -0.08138461898368315,
  0.4679454695278393,
  0.11371136293234942
 ],
 "sigma": 1.054,
 "lead_h": 2.0,
 "note": "blend mu=settled_high; predict with sigma; trained 2024-10..2026-05 n=3077"
}