{
 "kind": "high",
 "variant": "conservative",
 "feats": [
  "mkt",
  "rmax",
  "curt"
 ],
 "mean": [
  0.0,
  69.7060077987405,
  65.84400390594627,
  65.25274616346213
 ],
 "std": [
  1.0,
  17.330224399690064,
  17.31843309382556,
  17.35225208204438
 ],
 "beta": [
  69.73236919077026,
  15.224581587722422,
  1.623337408030351,
  0.4339396560836363
 ],
 "sigma": 1.111,
 "lead_h": 2.0
}